game num,round num,num_turns,duration (ms),winner,player1 pts,player2 pts,player3 pts,player4 pts
1,1,17,0.11204113252460957,player-3,1,3,2,3
1,2,20,0.0730419997125864,player-3,1,10,6,4
1,3,17,0.06720796227455139,player-1,5,13,7,7
1,4,20,0.06904220208525658,player-1,9,14,7,14
1,5,17,0.05904189310967922,player-3,10,17,11,17
1,6,20,0.09120907634496689,player-3,10,24,15,18
2,1,17,0.05350005812942982,player-1,6,3,5,1
2,2,18,0.06445799954235554,player-3,6,5,12,2
2,3,18,0.052582938224077225,player-4,9,10,13,2
2,4,17,0.051208073273301125,player-4,11,10,13,6
2,5,18,0.0514171551913023,player-2,13,14,16,6
2,6,18,0.04816683940589428,player-3,14,18,19,6
2,7,23,0.06975000724196434,none,18,18,26,13
3,1,22,0.07524993270635605,player-4,3,2,6,3
3,2,17,0.06783287972211838,player-4,3,7,9,9
3,3,20,0.0766669400036335,player-4,3,8,16,17
3,4,17,0.06087496876716614,player-2,3,18,17,21
3,5,21,0.058542005717754364,player-3,4,20,19,23
4,1,17,0.048582907766103745,player-3,2,3,7,3
4,2,29,0.08491589687764645,player-4,3,4,12,9
4,3,21,0.06841705180704594,player-1,16,8,12,19
4,4,19,0.04641711711883545,player-4,18,9,15,21
4,5,17,0.056499848142266273,player-3,22,16,19,21
5,1,17,0.08808402344584465,player-3,8,4,4,0
5,2,17,0.054957810789346695,player-4,11,9,10,8
5,3,17,0.046666013076901436,player-1,12,12,10,11
5,4,21,0.06966711953282356,player-2,16,16,18,18
5,5,28,0.07920898497104645,none,16,23,23,20
6,1,18,0.0815410166978836,player-4,3,8,4,6
6,2,18,0.06216694600880146,player-1,7,10,8,10
6,3,17,0.04783296026289463,player-1,11,10,9,17
6,4,17,0.04879198968410492,player-2,11,20,9,20
7,1,17,0.043584033846855164,player-1,4,3,2,1
7,2,17,0.05012494511902332,player-2,8,9,5,1
7,3,17,0.04312512464821339,player-3,10,13,5,3
7,4,17,0.0463330652564764,player-4,14,16,8,8
7,5,17,0.04437495954334736,player-1,17,18,13,8
7,6,17,0.03766687586903572,player-2,19,20,16,8
7,7,17,0.05083298310637474,player-3,20,23,19,8
7,8,17,0.0524159986525774,player-4,20,30,19,14
8,1,18,0.0477498397231102,player-1,2,1,1,1
8,2,17,0.06208405829966068,player-1,7,8,6,7
8,3,17,0.045459019020199776,player-2,15,19,10,10
8,4,17,0.039999838918447495,player-3,17,21,15,14
8,5,17,0.04195794463157654,player-4,21,24,18,17
9,1,17,0.05983398295938969,player-3,1,1,4,4
9,2,17,0.041458988562226295,player-4,2,4,7,8
9,3,17,0.04287506453692913,player-1,6,13,7,11
9,4,19,0.05795806646347046,player-4,11,20,11,19
9,5,17,0.04816707223653793,player-3,15,21,20,21
10,1,21,0.05829101428389549,player-3,2,2,2,0
10,2,17,0.05029188469052315,player-4,5,3,4,6
10,3,18,0.04808278754353523,player-2,12,4,6,8
10,4,20,0.0647080596536398,player-1,18,7,12,13
10,5,17,0.04304107278585434,player-3,18,9,23,13
11,1,17,0.058540841564536095,player-4,1,3,2,3
11,2,23,0.0594588927924633,player-3,5,3,6,4
11,3,17,0.05095801316201687,player-2,9,9,10,7
11,4,20,0.05466700531542301,player-2,17,13,13,12
11,5,20,0.0660829246044159,player-3,19,20,22,19
12,1,17,0.04575005732476711,player-3,6,9,7,0
12,2,20,0.0521661713719368,player-3,13,17,13,4
12,3,19,0.06949994713068008,player-3,13,27,27,5
13,1,19,0.05383300594985485,player-3,5,8,9,6
13,2,17,0.04091602750122547,player-2,7,12,10,6
13,3,22,0.0652081798762083,player-4,9,16,12,9
13,4,18,0.11479202657938004,player-1,14,19,15,12
13,5,18,0.07095793262124062,player-2,19,25,17,12
13,6,17,0.06729201413691044,player-2,22,32,18,12
14,1,20,0.062499893829226494,player-3,5,0,6,4
14,2,19,0.06429105997085571,player-3,5,2,11,12
14,3,19,0.05295802839100361,player-4,5,6,15,14
14,4,17,0.046958914026618004,player-3,10,16,16,15
14,5,18,0.05183299072086811,player-1,15,24,21,20
15,1,17,0.041833845898509026,player-3,3,3,10,1
15,2,17,0.04362477920949459,player-4,3,8,12,4
15,3,17,0.057208817452192307,player-1,5,9,13,6
15,4,17,0.04650000482797623,player-2,7,15,15,11
15,5,18,0.04600011743605137,player-4,9,19,17,16
15,6,17,0.057625118643045425,player-4,10,23,17,20
16,1,17,0.04975008778274059,player-3,10,5,1,8
16,2,20,0.05791708827018738,player-3,12,5,6,12
16,3,18,0.05466584116220474,player-2,15,14,7,13
16,4,17,0.044042011722922325,player-2,19,18,11,15
16,5,18,0.05366699770092964,player-4,22,18,15,20
16,6,18,0.04729093052446842,player-1,22,24,18,21
17,1,17,0.23950007744133472,player-2,8,5,2,2
17,2,17,0.21354202181100845,player-3,10,7,9,2
17,3,17,0.2102919388562441,player-4,11,17,14,8
17,4,20,0.27037481777369976,player-4,14,25,20,12
17,5,17,0.228791031986475,player-2,15,28,22,12
18,1,28,0.07824995554983616,player-1,2,2,0,9
18,2,17,0.04820781759917736,player-3,4,3,10,10
18,3,23,0.0775421503931284,player-2,9,6,12,13
18,4,17,0.04079192876815796,player-1,11,8,14,14
18,5,17,0.04841596819460392,player-2,11,10,19,18
18,6,18,0.051582930609583855,player-4,16,14,20,20
18,7,17,0.052833929657936096,player-4,16,22,21,32
19,1,24,0.06979191675782204,player-1,4,4,0,16
19,2,19,0.06474996916949749,player-1,12,11,10,26
19,3,17,0.04570791497826576,player-4,12,11,12,29
20,1,17,0.047708163037896156,player-4,1,1,1,6
20,2,17,0.049083027988672256,player-1,5,1,5,6
20,3,18,0.050541944801807404,player-3,7,2,7,12
20,4,23,0.06387499161064625,player-1,11,3,11,12
20,5,18,0.06308313459157944,player-1,18,3,16,17
20,6,17,0.04379195161163807,player-1,21,3,22,19
21,1,20,0.07162499241530895,player-4,2,13,2,11
21,2,17,0.04379195161163807,player-2,6,20,6,13
21,3,19,0.05266699008643627,player-1,9,23,7,15
21,4,20,0.061499886214733124,player-3,9,23,10,25
22,1,19,0.07508299313485622,player-1,2,8,5,7
22,2,22,0.06812508217990398,player-1,13,10,8,11
22,3,18,0.049208058044314384,player-2,15,13,13,11
22,4,20,0.052416929975152016,player-1,27,18,13,18
23,1,18,0.046083005145192146,player-2,2,4,7,2
23,2,21,0.05033309571444988,none,2,5,7,2
23,3,17,0.046208035200834274,player-3,5,7,12,4
23,4,17,0.04475004971027374,player-4,12,10,12,9
23,5,18,0.048584071919322014,player-2,12,15,17,9
23,6,19,0.05150004290044308,player-4,17,20,24,11
24,1,17,0.04420895129442215,player-3,2,1,3,3
24,2,19,0.056999968364834785,player-2,3,7,6,5
24,3,18,0.05120900459587574,player-2,5,12,12,10
24,4,17,0.04779198206961155,player-2,6,24,18,11
24,5,17,0.050083035603165627,player-3,11,27,22,16
25,1,17,0.049625057727098465,player-3,3,5,5,4
25,2,20,0.04954217001795769,player-3,4,8,8,5
25,3,17,0.043165870010852814,player-1,13,10,11,7
25,4,19,0.0643748790025711,player-4,17,11,16,20
25,5,20,0.06687501445412636,player-2,21,16,18,23
25,6,17,0.10141683742403984,player-4,25,17,18,29
26,1,26,0.07850001566112041,player-2,4,4,3,5
26,2,17,0.047083012759685516,player-2,9,11,6,9
26,3,24,0.07520895451307297,player-2,10,14,8,9
26,4,18,0.054582953453063965,player-1,12,16,8,12
26,5,17,0.04612491466104984,player-1,19,17,10,14
26,6,17,0.047666020691394806,player-2,26,20,13,16
26,7,17,0.03758305683732033,player-3,26,21,18,18
27,1,21,0.05408306606113911,player-1,4,0,3,0
27,2,19,0.05091587081551552,player-4,7,1,6,4
27,3,24,0.06341701373457909,player-2,9,5,8,4
27,4,18,0.05158316344022751,player-1,17,5,11,8
27,5,19,0.05891593173146248,player-3,22,7,17,8
27,6,19,0.06512505933642387,player-4,27,8,19,13
28,1,19,0.057499855756759644,player-3,3,3,6,4
28,2,18,0.045584049075841904,player-3,4,6,9,6
28,3,24,0.06274995394051075,none,5,10,10,10
28,4,18,0.060957856476306915,player-1,11,15,12,13
28,5,17,0.04850002005696297,player-1,18,17,13,14
28,6,22,0.0855419784784317,player-3,24,19,24,17
29,1,18,0.04679197445511818,player-4,1,2,0,9
29,2,17,0.04887511022388935,player-4,4,5,5,13
29,3,17,0.047042034566402435,player-1,8,9,10,16
29,4,19,0.06091594696044922,player-4,10,9,13,18
29,5,17,0.05758390761911869,player-3,14,11,18,18
29,6,17,0.05433312617242336,player-4,15,16,22,30
30,1,19,0.05591707304120064,player-1,0,2,3,0
30,2,24,0.06704195402562618,player-3,0,4,9,3
30,3,17,0.04591699689626694,player-1,3,4,10,4
30,4,17,0.047708163037896156,player-2,6,8,13,4
30,5,18,0.05962490104138851,player-4,8,11,17,11
30,6,20,0.06379187107086182,player-3,9,17,32,13
31,1,19,0.05874992348253727,player-3,0,3,7,5
31,2,17,0.05050003528594971,player-2,5,14,10,5
31,3,20,0.05487515591084957,player-2,6,18,13,6
31,4,17,0.05908310413360596,player-4,15,22,21,13
31,5,17,0.03970786929130554,player-1,16,25,24,16
32,1,20,0.05879206582903862,none,4,1,1,3
32,2,17,0.15641702339053154,player-2,4,4,3,7
32,3,23,0.07212487980723381,player-1,10,7,5,7
32,4,20,0.07075001485645771,player-3,10,10,10,10
32,5,18,0.058125006034970284,player-2,11,15,15,11
32,6,17,0.04724995233118534,player-2,16,18,18,13
32,7,17,0.04654098302125931,player-3,20,19,22,18
33,1,17,0.04812492989003658,player-4,1,1,1,7
33,2,17,0.06879190914332867,player-1,12,2,1,11
33,3,17,0.04470907151699066,player-2,17,5,1,13
33,4,21,0.06329198367893696,player-3,19,12,2,16
33,5,17,0.046999892219901085,player-4,19,16,6,20
33,6,17,0.05708378739655018,player-1,22,18,6,22
34,1,17,0.04416611045598984,player-3,2,0,5,2
34,2,19,0.05870801396667957,player-2,3,3,7,4
34,3,18,0.05716690793633461,player-2,7,6,10,7
34,4,17,0.0627920962870121,player-2,11,9,19,15
34,5,17,0.0463749747723341,player-3,13,11,23,19
34,6,19,0.05625002086162567,player-2,14,20,24,19
34,7,21,0.07091695442795753,player-1,22,26,30,24
35,1,17,0.05224999040365219,player-2,2,5,3,0
35,2,22,0.06691692396998405,none,6,5,6,2
35,3,17,0.047083012759685516,player-4,6,7,8,10
35,4,17,0.040207989513874054,player-1,16,12,8,13
35,5,19,0.11120899580419064,player-4,18,19,12,18
35,6,22,0.12087495997548103,none,18,19,16,23
36,1,17,0.05220901221036911,player-1,11,1,9,4
36,2,22,0.06854208186268806,player-3,13,2,11,6
36,3,17,0.05612499080598354,player-3,15,2,15,6
36,4,17,0.07108296267688274,player-4,17,5,20,16
36,5,17,0.059499870985746384,player-1,19,10,20,19
36,6,17,0.050582922995090485,player-2,19,20,25,22
37,1,17,0.045416178181767464,player-2,6,3,2,1
37,2,18,0.05095801316201687,player-4,7,7,6,7
37,3,17,0.042040832340717316,player-4,15,10,14,14
37,4,17,0.0541249755769968,player-1,17,12,16,18
37,5,17,0.04433398135006428,player-2,20,17,18,23
38,1,19,0.06633298471570015,player-2,0,5,2,7
38,2,17,0.050250208005309105,player-1,7,13,2,10
38,3,23,0.08120806887745857,player-4,10,22,5,18
39,1,17,0.05929195322096348,player-4,0,3,3,6
39,2,19,0.06320909596979618,player-3,5,9,10,7
39,3,18,0.07224990986287594,player-3,5,15,20,8
39,4,18,0.06449990905821323,player-4,13,24,26,16
40,1,21,0.07787486538290977,player-3,4,2,8,1
40,2,19,0.06987503729760647,player-2,8,9,9,5
40,3,17,0.04783296026289463,player-1,9,11,9,11
40,4,19,0.049625057727098465,player-4,12,13,11,12
40,5,17,0.044582877308130264,player-3,13,20,11,12
40,6,17,0.04095793701708317,player-4,17,22,12,16
40,7,17,0.05420902743935585,player-1,23,25,14,17
41,1,19,0.06125005893409252,player-4,0,2,4,2
41,2,17,0.05950010381639004,player-3,0,6,7,2
41,3,22,0.0696659553796053,player-1,7,9,12,7
41,4,28,0.07575005292892456,none,11,10,14,7
41,5,17,0.047040870413184166,player-2,12,14,14,7
41,6,17,0.047582900151610374,player-3,15,16,22,9
41,7,23,0.06474996916949749,player-2,20,22,26,10
42,1,17,0.04720780998468399,player-4,1,0,2,4
42,2,17,0.05625002086162567,player-1,8,4,5,9
42,3,17,0.0775421503931284,player-2,14,15,6,13
42,4,17,0.046625034883618355,player-3,20,16,12,15
42,5,18,0.06816606037318707,player-1,23,20,19,20
43,1,17,0.05483301356434822,player-2,2,7,1,10
43,2,19,0.062374863773584366,player-1,9,9,8,16
43,3,17,0.07595913484692574,player-4,9,9,8,23
43,4,29,0.08420785889029503,player-1,11,9,11,28
43,5,23,0.08758297190070152,player-4,16,11,17,36
44,1,20,0.06387499161064625,player-4,1,0,3,2
44,2,17,0.07462501525878906,player-2,3,6,6,12
44,3,17,0.04775007255375385,player-3,3,8,13,12
44,4,17,0.042125117033720016,player-4,3,13,18,16
44,5,17,0.05016685463488102,player-1,6,16,18,23
44,6,18,0.05283416248857975,player-3,8,20,24,32
45,1,17,0.06120908074080944,player-3,2,2,7,0
45,2,17,0.04120822995901108,player-4,2,4,8,4
45,3,18,0.059499870985746384,player-2,8,10,8,9
45,4,17,0.0475000124424696,player-2,8,13,10,15
45,5,17,0.047457870095968246,player-3,8,13,16,17
45,6,18,0.054584117606282234,player-1,11,14,23,22
45,7,19,0.05625002086162567,player-3,14,14,29,24
46,1,25,0.07870793342590332,player-1,4,1,8,3
46,2,24,0.07650000043213367,player-1,17,2,10,18
46,3,17,0.053541967645287514,player-3,24,10,21,18
47,1,21,0.06316718645393848,player-3,2,1,4,2
47,2,18,0.05962490104138851,player-1,6,5,7,6
47,3,18,0.05716690793633461,player-2,9,6,15,12
47,4,19,0.053541967645287514,player-4,16,8,16,20
47,5,18,0.055582961067557335,player-4,23,13,20,32
48,1,23,0.06429105997085571,player-4,1,4,2,5
48,2,22,0.06087496876716614,none,2,4,3,9
48,3,18,0.2025000285357237,player-1,8,9,11,15
48,4,18,0.0627501867711544,player-2,15,14,18,16
48,5,17,0.050459057092666626,player-2,19,20,21,17
49,1,18,0.05270796827971935,player-3,5,3,5,4
49,2,17,0.04587485454976559,player-3,6,3,6,4
49,3,17,0.0402920413762331,player-4,9,5,9,13
49,4,22,0.06679189391434193,player-2,11,10,10,15
49,5,17,0.03841705620288849,player-2,15,17,12,15
49,6,17,0.041999854147434235,player-3,23,18,16,19
49,7,20,0.06187520921230316,player-3,26,23,30,23
50,1,18,0.050958944484591484,player-1,7,2,0,0
50,2,17,0.06541702896356583,player-1,10,8,0,0
50,3,18,0.04920782521367073,player-3,11,9,2,0
50,4,18,0.051208073273301125,player-4,11,9,3,4
50,5,17,0.04395795986056328,player-4,13,9,6,8
50,6,20,0.06229104474186897,player-4,14,15,6,25
